word;level;frequency;priority_score
word_41;A1;high;3.4990146975586125
word_965;A1;high;3.4975510082220533
word_274;A1;high;3.494008018583274
word_690;A1;high;3.4859016967836536
word_986;A1;high;3.4810765763722893
word_888;A1;high;3.4698848481629465
word_1477;A1;high;3.4621564980484307
word_1855;A1;high;3.459132385383443
word_82;A1;high;3.4579763643645607
word_171;A1;high;3.456716308525534
