word;level;frequency;priority_score
word_1324;B2;high;3.4976883762313897
word_643;B2;high;3.4972921254284977
word_1474;B2;high;3.496858966639913
word_847;C1;high;3.4955305417361666
word_1439;C1;high;3.4938959408093355
word_1373;C1;high;3.4925464013097356
word_1150;C1;high;3.4919854162840287
word_755;C1;high;3.4908439086903167
word_1249;B2;high;3.4897811702514927
word_1154;C1;high;3.4891480287112127
