word;level;frequency;priority_score
word_1052;B2;high;3.4996658725095653
word_1160;B2;high;3.4946413794818985
word_1421;B2;high;3.494548729547689
word_1847;B2;high;3.4934028292521626
word_1784;B1;high;3.4933990761477616
word_1239;B1;high;3.4909558448692533
word_15;B1;high;3.489184709798088
word_1334;B1;high;3.4887090101308984
word_796;B2;high;3.487933871568261
word_134;B1;high;3.487636319863288
